conteudo;ordem;tipo;enunciado;contexto;a;b;c;d;e;correta;gabarito;explicacao
CG-001;1;multipla;Qual é o objeto de estudo da Contabilidade?;;O patrimônio das entidades;O lucro distribuído aos sócios;Apenas o caixa da empresa;Os tributos devidos ao governo;;a;;A Contabilidade estuda o patrimônio (bens, direitos e obrigações) e suas variações.
CG-001;2;multipla;Qual é a finalidade principal da Contabilidade?;;Fornecer informações úteis para a tomada de decisão sobre o patrimônio;Calcular apenas os impostos a pagar;Substituir a auditoria interna;Registrar somente as entradas de dinheiro;;a;;A Contabilidade existe para gerar informação útil a quem decide sobre a entidade (controle e planejamento).
CG-001;3;multipla;Qual é o campo de aplicação da Contabilidade?;;As entidades econômico-administrativas, com ou sem fins lucrativos;Somente as sociedades anônimas;Somente as empresas industriais;Apenas os órgãos públicos;;a;;Ela se aplica a qualquer entidade que tenha patrimônio a gerir: empresas, associações, órgãos públicos e pessoas físicas.
CG-001;4;multipla;Qual destes é um usuário externo da informação contábil?;;Banco que analisa um pedido de empréstimo;Gerente de produção da própria empresa;Diretor financeiro;Contador interno;;a;;Usuários externos não participam da gestão: credores, investidores, governo, fornecedores. Gerentes e diretores são internos.
CG-001;5;multipla;Qual técnica contábil consiste em registrar os fatos que alteram o patrimônio?;;Escrituração;Auditoria;Análise de balanços;Consolidação;;a;;Escrituração é o registro dos fatos nos livros. Demonstrações, auditoria e análise são as outras técnicas.
CG-001;6;multipla;"Uma informação contábil é relevante quando…";;é capaz de fazer diferença nas decisões dos usuários;tem muitas páginas;é apresentada só ao final do ano;é aprovada pelo fisco;;a;;Relevância é a capacidade de influenciar decisões (valor preditivo ou confirmatório).
CG-001;7;multipla;Qual característica qualitativa exige que a informação represente fielmente o fenômeno, de forma completa, neutra e livre de erro?;;Representação fidedigna;Tempestividade;Comparabilidade;Compreensibilidade;;a;;As características fundamentais são relevância e representação fidedigna; as demais são de melhoria.
CG-001;8;multipla;"A Contabilidade é classificada, quanto à sua natureza, como uma ciência…";;social;exata;natural;jurídica;;a;;É uma ciência social aplicada: estuda o patrimônio, que resulta da ação humana.
CG-001;9;dissertativa;Explique com suas palavras para que serve a Contabilidade e cite dois usuários da informação contábil.;;;;;;;;A Contabilidade registra e controla o patrimônio e suas variações para fornecer informação útil à tomada de decisão. Usuários: internos (sócios, administradores) e externos (bancos, investidores, governo, fornecedores).;Uma boa resposta liga a Contabilidade ao patrimônio e à decisão, e cita pelo menos um usuário interno ou externo.
CG-001;10;dissertativa;Diferencie usuários internos e externos da informação contábil, com um exemplo de cada.;;;;;;;;Internos participam da gestão e usam a informação para administrar (diretores, gerentes). Externos estão fora da gestão e a usam para decidir sua relação com a entidade (bancos, investidores, governo).;O ponto central é a posição em relação à gestão: dentro (interno) ou fora (externo).
CG-002;1;multipla;O patrimônio de uma entidade é formado por:;;Bens, direitos e obrigações;Somente bens;Bens e receitas;Direitos e despesas;;a;;Patrimônio é o conjunto de bens, direitos e obrigações de uma entidade, avaliados em moeda.
CG-002;2;multipla;Qual dos itens é um direito da empresa?;;Duplicatas a receber;Fornecedores;Salários a pagar;Empréstimos obtidos;;a;;Direitos são valores a receber de terceiros. Fornecedores, salários a pagar e empréstimos são obrigações.
CG-002;3;multipla;Qual dos itens é uma obrigação (passivo exigível)?;;Impostos a recolher;Estoque de mercadorias;Veículos;Caixa;;a;;Impostos a recolher é dívida com o governo. Estoque, veículos e caixa são bens.
CG-002;4;multipla;Como se classificam os bens de uma entidade quanto à forma?;;Tangíveis (corpóreos) e intangíveis (incorpóreos);Correntes e não correntes apenas;Próprios e de terceiros;Fixos e variáveis;;a;;Bens tangíveis têm existência física (máquinas); intangíveis não (marcas, softwares).
CG-002;5;multipla;Uma marca registrada adquirida pela empresa é um bem:;;intangível;tangível;de consumo;numerário;;a;;Marcas, patentes e softwares não têm corpo físico: são bens intangíveis.
CG-002;6;multipla;Na representação gráfica do patrimônio (balanço), o lado esquerdo apresenta:;;O Ativo (bens e direitos);O Passivo (obrigações);O Patrimônio Líquido;As receitas;;a;;Convencionalmente, Ativo à esquerda; Passivo e Patrimônio Líquido à direita.
CG-002;7;multipla;O conjunto das obrigações da empresa com terceiros é chamado de:;;Passivo exigível;Ativo circulante;Capital social;Receita;;a;;Passivo exigível são as dívidas com terceiros; o PL é a "obrigação" com os sócios, não exigível.
CG-002;8;multipla;Dinheiro em conta corrente bancária é classificado como:;;Bem numerário (disponibilidade);Direito a receber;Obrigação;Patrimônio Líquido;;a;;Saldo em banco movimento é disponibilidade, um bem numerário do Ativo.
CG-002;9;dissertativa;Dê um exemplo de bem, um de direito e um de obrigação de uma loja, explicando por que cada um se encaixa no grupo.;;;;;;;;Bem: mercadorias em estoque (coisa que a loja possui). Direito: duplicatas a receber de clientes (valor a receber). Obrigação: fornecedores a pagar (dívida com terceiros).;A resposta precisa separar o que a loja tem (bem), o que tem a receber (direito) e o que deve (obrigação).
CG-002;10;dissertativa;Por que bens e direitos aparecem do mesmo lado do balanço e as obrigações do outro?;;;;;;;;Bens e direitos são aplicações de recursos (Ativo). Obrigações e PL são origens de recursos (Passivo + PL). O balanço mostra de onde vieram os recursos e onde foram aplicados.;O conceito-chave é origem (Passivo e PL) versus aplicação (Ativo) de recursos.
CG-003;1;multipla;A equação fundamental do patrimônio é:;;Ativo = Passivo + Patrimônio Líquido;Ativo + Passivo = Patrimônio Líquido;Passivo = Ativo + Patrimônio Líquido;Receita − Despesa = Ativo;;a;;A igualdade A = P + PL mostra que todas as aplicações (Ativo) têm uma origem (terceiros ou sócios).
CG-003;2;multipla;"Uma empresa tem Ativo de R$ 500.000 e Passivo exigível de R$ 320.000. O Patrimônio Líquido é:";;R$ 180.000;R$ 820.000;R$ 320.000;R$ 500.000;;a;;PL = Ativo − Passivo = 500.000 − 320.000 = 180.000.
CG-003;3;multipla;Qual destes itens compõe o Patrimônio Líquido?;;Capital social;Fornecedores;Duplicatas a receber;Empréstimos bancários;;a;;O PL reúne capital, reservas, ajustes e lucros ou prejuízos acumulados.
CG-003;4;multipla;O Patrimônio Líquido também é chamado de:;;Situação líquida;Passivo circulante;Ativo permanente;Capital de terceiros;;a;;Situação líquida ou capital próprio: a diferença entre Ativo e Passivo exigível.
CG-003;5;multipla;"Os sócios integralizam R$ 50.000 em dinheiro. O que acontece com o patrimônio?";;Ativo e PL aumentam em R$ 50.000;Ativo aumenta e Passivo aumenta;Só o Ativo aumenta;Ativo diminui e PL aumenta;;a;;Entra caixa (Ativo +50.000) e aumenta o capital social (PL +50.000); a equação continua equilibrada.
CG-003;6;multipla;Capital de terceiros corresponde a:;;Passivo exigível;Patrimônio Líquido;Ativo total;Reservas de lucros;;a;;Recursos de terceiros são as obrigações (Passivo exigível); capital próprio é o PL.
CG-003;7;multipla;"Se o Ativo é R$ 300.000 e o PL é R$ 120.000, o Passivo exigível é:";;R$ 180.000;R$ 420.000;R$ 120.000;R$ 300.000;;a;;P = A − PL = 300.000 − 120.000 = 180.000.
CG-003;8;multipla;Lucros obtidos e ainda não distribuídos aumentam:;;o Patrimônio Líquido;o Passivo exigível;apenas o Ativo circulante;as despesas;;a;;O lucro do período é incorporado ao PL (reservas ou lucros acumulados) até ser distribuído.
CG-003;9;dissertativa;Explique por que a equação Ativo = Passivo + Patrimônio Líquido está sempre em equilíbrio.;;;;;;;;Todo recurso aplicado no Ativo veio de alguma origem: de terceiros (Passivo) ou dos sócios e dos resultados (PL). Cada fato altera os dois lados (ou se compensa dentro de um lado), mantendo a igualdade.;A resposta deve relacionar aplicações (Ativo) com origens (Passivo e PL).
CG-003;10;dissertativa;Uma empresa tem caixa de 40.000, estoque de 60.000, fornecedores de 30.000 e capital de 70.000. Monte a equação patrimonial e confira o equilíbrio.;;;;;;;;Ativo = 40.000 + 60.000 = 100.000. Passivo = 30.000. PL = 70.000. 100.000 = 30.000 + 70.000: equação equilibrada.;Some os bens e direitos de um lado e as obrigações mais o PL do outro.
CG-004;1;multipla;Quando o Ativo é maior que o Passivo exigível, a situação líquida é:;;positiva (superavitária);nula;negativa;passivo a descoberto sem PL;;a;;A > P resulta em PL positivo: a entidade tem riqueza própria.
CG-004;2;multipla;"Ativo de R$ 200.000 e Passivo exigível de R$ 200.000 indicam situação líquida:";;nula;positiva;negativa;inexistente por falta de Ativo;;a;;A = P resulta em PL igual a zero.
CG-004;3;multipla;A situação de passivo a descoberto ocorre quando:;;o Passivo exigível é maior que o Ativo;o Ativo é maior que o Passivo;não existe Passivo;o PL é igual ao Ativo;;a;;Passivo a descoberto = PL negativo: os bens e direitos não cobrem as dívidas.
CG-004;4;multipla;"A empresa X tem Ativo de 80.000 e Passivo exigível de 110.000. O PL é:";;− 30.000 (passivo a descoberto);30.000 positivo;190.000;zero;;a;;PL = 80.000 − 110.000 = − 30.000.
CG-004;5;multipla;Na situação "Ativo = Patrimônio Líquido", a entidade:;;não tem dívidas com terceiros;tem passivo a descoberto;tem PL nulo;não tem bens;;a;;Se A = PL, o Passivo exigível é zero: todos os recursos são próprios.
CG-004;6;multipla;Situação líquida negativa significa que:;;o patrimônio próprio foi consumido por prejuízos ou dívidas;a empresa tem muito caixa;o capital social aumentou;não há obrigações;;a;;PL negativo mostra que as obrigações superam os bens e direitos, normalmente após prejuízos acumulados.
CG-004;7;multipla;Qual situação é típica do início das atividades, quando os sócios só integralizaram capital em dinheiro?;;Ativo = PL (sem Passivo);Passivo a descoberto;PL nulo;Ativo menor que Passivo;;a;;Só há caixa (Ativo) e capital (PL); ainda não existem dívidas.
CG-004;8;multipla;"Ativo 150.000; Passivo exigível 90.000. Qual a situação?";;Positiva, PL de 60.000;Negativa, PL de − 60.000;Nula;Passivo a descoberto de 90.000;;a;;PL = 150.000 − 90.000 = 60.000, situação positiva.
CG-004;9;dissertativa;Explique o que é passivo a descoberto e o risco que essa situação representa para os credores.;;;;;;;;É quando as obrigações superam o Ativo (PL negativo). Mesmo vendendo todos os bens e recebendo todos os direitos, a entidade não pagaria todas as dívidas; os credores correm risco de não receber.;O essencial é: dívidas maiores que bens e direitos, logo risco de inadimplência.
CG-004;10;dissertativa;Descreva as possíveis situações patrimoniais comparando Ativo e Passivo exigível.;;;;;;;;A > P: situação positiva (PL positivo). A = P: situação nula (PL zero). A < P: situação negativa (passivo a descoberto). Caso particular: P = 0, A = PL.;Uma boa resposta lista as três comparações e o sinal do PL em cada uma.
CG-005;1;multipla;Atos administrativos são acontecimentos que:;;não alteram o patrimônio;sempre aumentam o Ativo;sempre geram receita;alteram apenas o PL;;a;;Atos (assinar contrato, admitir empregado) não mudam o patrimônio e, em regra, não são contabilizados.
CG-005;2;multipla;"Compra de mercadorias à vista é um fato:";;permutativo;modificativo aumentativo;modificativo diminutivo;misto;;a;;Troca-se caixa por estoque: há permuta entre contas do Ativo, sem alterar o PL.
CG-005;3;multipla;"Pagamento de salários do mês (despesa) é um fato:";;modificativo diminutivo;permutativo;modificativo aumentativo;misto aumentativo;;a;;Sai caixa e reconhece-se despesa: o PL diminui.
CG-005;4;multipla;"Recebimento de juros sobre aplicação financeira é um fato:";;modificativo aumentativo;permutativo;modificativo diminutivo;misto diminutivo;;a;;Entra caixa sem contrapartida em outra conta patrimonial, com receita: o PL aumenta.
CG-005;5;multipla;"Venda de mercadoria com lucro (custo 800, venda 1.000, à vista) é um fato:";;misto aumentativo;permutativo;misto diminutivo;modificativo diminutivo;;a;;Há permuta (sai estoque) e modificação (lucro de 200): fato misto aumentativo.
CG-005;6;multipla;"Pagamento de duplicata com juros (dívida 1.000, juros 50) é um fato:";;misto diminutivo;permutativo;misto aumentativo;modificativo aumentativo;;a;;Quita-se a dívida (permuta) e reconhece-se despesa de juros (PL diminui): misto diminutivo.
CG-005;7;multipla;A assinatura de um contrato de aluguel que só começará no próximo mês é:;;ato administrativo;fato permutativo;fato modificativo;fato misto;;a;;Ainda não há alteração patrimonial: é um ato, que pode ser apenas controlado em contas de compensação.
CG-005;8;multipla;"Pagamento de fornecedor sem juros nem desconto é um fato:";;permutativo;modificativo diminutivo;misto;modificativo aumentativo;;a;;Diminui caixa (Ativo) e diminui a obrigação (Passivo) no mesmo valor; o PL não muda.
CG-005;9;dissertativa;Diferencie fato permutativo, modificativo e misto, com um exemplo de cada.;;;;;;;;Permutativo: troca entre contas sem alterar o PL (compra à vista). Modificativo: altera o PL (pagamento de despesa ou recebimento de receita). Misto: permuta e modificação ao mesmo tempo (venda com lucro, pagamento com juros).;O critério é o efeito no Patrimônio Líquido.
CG-005;10;dissertativa;Por que um ato administrativo, em regra, não é registrado na escrituração contábil?;;;;;;;;Porque não altera o patrimônio: não muda bens, direitos, obrigações nem PL. Os relevantes (fianças, contratos) podem ser controlados em contas de compensação.;O ponto central é a ausência de variação patrimonial.
CG-006;1;multipla;Variações patrimoniais qualitativas são aquelas que:;;alteram a composição do patrimônio sem mudar o PL;sempre aumentam o PL;sempre diminuem o PL;não alteram nenhuma conta;;a;;Mudam os elementos (qualidade), mas não o valor do PL: correspondem aos fatos permutativos.
CG-006;2;multipla;Variações quantitativas são aquelas que:;;alteram o valor do Patrimônio Líquido;só trocam bens por bens;não envolvem dinheiro;afetam apenas o Passivo;;a;;Mudam a quantidade (valor) do PL: correspondem a fatos modificativos e mistos.
CG-006;3;multipla;Receitas, no aspecto patrimonial, são variações:;;quantitativas positivas (aumentam o PL);qualitativas;quantitativas negativas;que não afetam o PL;;a;;Receita aumenta o PL; despesa diminui.
CG-006;4;multipla;Despesas, no aspecto patrimonial, são variações:;;quantitativas negativas (diminuem o PL);qualitativas;quantitativas positivas;de ativo para ativo;;a;;Despesa é consumo de recursos para gerar receita, reduzindo o PL.
CG-006;5;multipla;"O resultado do exercício é:";;a diferença entre receitas e despesas do período;o saldo de caixa no fim do ano;o total do Ativo;o capital social;;a;;Resultado = Receitas − Despesas; positivo é lucro, negativo é prejuízo.
CG-006;6;multipla;"Receitas de 90.000 e despesas de 110.000 no ano geram:";;prejuízo de 20.000, que reduz o PL;lucro de 20.000;resultado nulo;aumento do Ativo de 200.000;;a;;90.000 − 110.000 = − 20.000: prejuízo, que diminui o PL.
CG-006;7;multipla;A compra de um veículo a prazo provoca uma variação:;;qualitativa (Ativo e Passivo aumentam, PL não muda);quantitativa positiva;quantitativa negativa;nula sem registro;;a;;Entra veículo (Ativo) e surge a dívida (Passivo); o PL fica igual.
CG-006;8;multipla;Qual fato gera variação quantitativa positiva?;;Prestação de serviço recebida à vista;Compra de mercadoria a prazo;Pagamento de fornecedor;Depósito de caixa no banco;;a;;Serviço prestado gera receita, que aumenta o PL.
CG-006;9;dissertativa;Explique a diferença entre variação patrimonial qualitativa e quantitativa e relacione cada uma com os tipos de fatos administrativos.;;;;;;;;Qualitativa muda a composição sem alterar o PL (fatos permutativos). Quantitativa muda o valor do PL, para mais ou para menos (fatos modificativos e mistos).;O critério é se o Patrimônio Líquido muda de valor.
CG-006;10;dissertativa;Como receitas e despesas se ligam ao Patrimônio Líquido ao final do exercício?;;;;;;;;Receitas aumentam e despesas diminuem o PL. No encerramento, são confrontadas na apuração do resultado; o lucro ou prejuízo é transferido para o PL.;Uma boa resposta cita o confronto receitas × despesas e a transferência do resultado ao PL.
